<?xml version="1.0" encoding="utf-16"?>
<CBC_OECD xmlns:xsi="http://www.w3.org/2001/XMLSchema-instance" xmlns:xsd="http://www.w3.org/2001/XMLSchema"
  version="2.0" xmlns="urn:oecd:ties:cbc:v2">
  <MessageSpec>
    <TransmittingCountry>ZA</TransmittingCountry>
    <ReceivingCountry>AO</ReceivingCountry>
    <ReceivingCountry>BW</ReceivingCountry>
    <ReceivingCountry>GH</ReceivingCountry>
    <ReceivingCountry>IM</ReceivingCountry>
    <ReceivingCountry>JE</ReceivingCountry>
    <MessageType>CBC</MessageType>
    <Warning />
    <MessageRefId>ZA2018BAW</MessageRefId>
    <MessageTypeIndic>CBC401</MessageTypeIndic>
    <ReportingPeriod>2019-09-30</ReportingPeriod>
    <Timestamp>2020-05-03T10:37:03.8969214+02:00</Timestamp>
  </MessageSpec>
  <CbcBody>
    <ReportingEntity>
      <Entity>
        <ResCountryCode>ZA</ResCountryCode>
        <TIN
          issuedBy="ZA">9000051715</TIN>
        <IN
          issuedBy="ZA"
          INType="Company Registration Number">1918/000095/06</IN>
        <Name>Barloworld Limited</Name>
        <Address
          legalAddressType="OECD304">
          <CountryCode>ZA</CountryCode>
          <AddressFree>61 Katherine Street</AddressFree>
          <AddressFree> Sandton</AddressFree>
          <AddressFree> 2196</AddressFree>
        </Address>
      </Entity>
      <NameMNEGroup>Barloworld Limited</NameMNEGroup>
      <ReportingRole>CBC701</ReportingRole>
      <ReportingPeriod>
        <StartDate>2018-10-01</StartDate>
        <EndDate>2019-09-30</EndDate>
      </ReportingPeriod>
      <DocSpec>
        <DocTypeIndic xmlns="urn:oecd:ties:cbcstf:v5">OECD1</DocTypeIndic>
        <DocRefId xmlns="urn:oecd:ties:cbcstf:v5">ZA2018DOCBAW</DocRefId>
        <CorrMessageRefId xmlns="urn:oecd:ties:cbcstf:v5" />
        <CorrDocRefId xmlns="urn:oecd:ties:cbcstf:v5" />
      </DocSpec>
    </ReportingEntity>
    <CbcReports>
      <DocSpec>
        <DocTypeIndic xmlns="urn:oecd:ties:cbcstf:v5">OECD1</DocTypeIndic>
        <DocRefId xmlns="urn:oecd:ties:cbcstf:v5">ZA2018DOCBAW</DocRefId>
        <CorrMessageRefId xmlns="urn:oecd:ties:cbcstf:v5" />
        <CorrDocRefId xmlns="urn:oecd:ties:cbcstf:v5" />
      </DocSpec>
      <ResCountryCode>AO</ResCountryCode>
      <Summary>
        <Revenues>
          <Unrelated
            currCode="ZAR">-771290869.6</Unrelated>
          <Related
            currCode="ZAR">-509150539.2</Related>
          <Total
            currCode="ZAR">-1280441408.8</Total>
        </Revenues>
        <ProfitOrLoss
          currCode="ZAR">-217527466.4</ProfitOrLoss>
        <TaxPaid
          currCode="ZAR">53236237.6744</TaxPaid>
        <TaxAccrued
          currCode="ZAR">55195379.3904</TaxAccrued>
        <Capital
          currCode="ZAR">-69810833.2</Capital>
        <Earnings
          currCode="ZAR">-1217694218</Earnings>
        <NbEmployees>363</NbEmployees>
        <Assets
          currCode="ZAR">766604888.4</Assets>
      </Summary>
      <ConstEntities>
        <ConstEntity>
          <ResCountryCode>AO</ResCountryCode>
          <TIN
            issuedBy="AO">5410000595</TIN>
          <IN
            issuedBy="AO"
            INType="Company Registration Number">1996.1</IN>
          <Name>Barloworld Equipamentos Angola Limitada</Name>
          <Address
            legalAddressType="OECD304">
            <CountryCode>AO</CountryCode>
            <AddressFree>Estrada do Golf s/n</AddressFree>
            <AddressFree> Sector Talatona</AddressFree>
            <AddressFree> Município de Talatona</AddressFree>
            <AddressFree> Luanda</AddressFree>
            <AddressFree> República de Angola</AddressFree>
          </Address>
        </ConstEntity>
        <Role>CBC803</Role>
        <IncorpCountryCode>AO</IncorpCountryCode>
        <BizActivities>CBC505</BizActivities>
      </ConstEntities>
    </CbcReports>
    <CbcReports>
      <DocSpec>
        <DocTypeIndic xmlns="urn:oecd:ties:cbcstf:v5">OECD1</DocTypeIndic>
        <DocRefId xmlns="urn:oecd:ties:cbcstf:v5">ZA2018DOCBAW</DocRefId>
        <CorrMessageRefId xmlns="urn:oecd:ties:cbcstf:v5" />
        <CorrDocRefId xmlns="urn:oecd:ties:cbcstf:v5" />
      </DocSpec>
      <ResCountryCode>BW</ResCountryCode>
      <Summary>
        <Revenues>
          <Unrelated
            currCode="ZAR">-1737371227.9806</Unrelated>
          <Related
            currCode="ZAR">-76287943.8744</Related>
          <Total
            currCode="ZAR">-1813659171.855</Total>
        </Revenues>
        <ProfitOrLoss
          currCode="ZAR">18542316.114</ProfitOrLoss>
        <TaxPaid
          currCode="ZAR">5089618.589964</TaxPaid>
        <TaxAccrued
          currCode="ZAR">6911472.5982</TaxAccrued>
        <Capital
          currCode="ZAR">-168510656.1366</Capital>
        <Earnings
          currCode="ZAR">-456786822.327</Earnings>
        <NbEmployees>628</NbEmployees>
        <Assets
          currCode="ZAR">517938688.9584</Assets>
      </Summary>
      <ConstEntities>
        <ConstEntity>
          <ResCountryCode>BW</ResCountryCode>
          <TIN
            issuedBy="BW">C007526-01-01-4</TIN>
          <IN
            issuedBy="BW"
            INType="Company Registration Number">68</IN>
          <Name>Car Rental Holdings  (Pty) Ltd</Name>
          <Address
            legalAddressType="OECD304">
            <CountryCode>BW</CountryCode>
            <AddressFree>Plot 17401</AddressFree>
            <AddressFree> Sir Seretse Khama Airport</AddressFree>
            <AddressFree> Gaborone</AddressFree>
          </Address>
        </ConstEntity>
        <Role>CBC803</Role>
        <IncorpCountryCode>BW</IncorpCountryCode>
        <BizActivities>CBC511</BizActivities>
      </ConstEntities>
      <ConstEntities>
        <ConstEntity>
          <ResCountryCode>BW</ResCountryCode>
          <TIN
            issuedBy="BW">C007503-01-01-5</TIN>
          <IN
            issuedBy="BW"
            INType="Company Registration Number">1972/1138</IN>
          <Name>Barloworld Motor Botswana (Pty) Ltd</Name>
          <Address
            legalAddressType="OECD304">
            <CountryCode>BW</CountryCode>
            <AddressFree>Desert Secretarial Services (Pty) Ltd</AddressFree>
            <AddressFree> Deloitte &amp; Touche House</AddressFree>
            <AddressFree> Plot 64518</AddressFree>
            <AddressFree> Fairgrounds</AddressFree>
            <AddressFree> P.O. Box 211008</AddressFree>
            <AddressFree> Bontleng</AddressFree>
          </Address>
        </ConstEntity>
        <Role>CBC803</Role>
        <IncorpCountryCode>BW</IncorpCountryCode>
        <BizActivities>CBC505</BizActivities>
      </ConstEntities>
    </CbcReports>
    <CbcReports>
      <DocSpec>
        <DocTypeIndic xmlns="urn:oecd:ties:cbcstf:v5">OECD1</DocTypeIndic>
        <DocRefId xmlns="urn:oecd:ties:cbcstf:v5">ZA2018DOCBAW</DocRefId>
        <CorrMessageRefId xmlns="urn:oecd:ties:cbcstf:v5" />
        <CorrDocRefId xmlns="urn:oecd:ties:cbcstf:v5" />
      </DocSpec>
      <ResCountryCode>GH</ResCountryCode>
      <Summary>
        <Revenues>
          <Unrelated
            currCode="ZAR">-38322770.4619</Unrelated>
          <Related
            currCode="ZAR">0</Related>
          <Total
            currCode="ZAR">-38322770.4619</Total>
        </Revenues>
        <ProfitOrLoss
          currCode="ZAR">21299462.4104</ProfitOrLoss>
        <TaxPaid
          currCode="ZAR">2350617.8318</TaxPaid>
        <TaxAccrued
          currCode="ZAR">0</TaxAccrued>
        <Capital
          currCode="ZAR">-2901699.4</Capital>
        <Earnings
          currCode="ZAR">52761173.4697</Earnings>
        <NbEmployees>6</NbEmployees>
        <Assets
          currCode="ZAR">53814714.0123</Assets>
      </Summary>
      <ConstEntities>
        <ConstEntity>
          <ResCountryCode>GH</ResCountryCode>
          <TIN
            issuedBy="GH">CA95 515</TIN>
          <IN
            issuedBy="GH"
            INType="Company Registration Number">CS489552014</IN>
          <Name>Fleet Services Ghana Limited</Name>
          <Address
            legalAddressType="OECD304">
            <CountryCode>GH</CountryCode>
            <AddressFree>21 Spintex Square</AddressFree>
            <AddressFree> Spintex Road</AddressFree>
            <AddressFree> Accra</AddressFree>
            <AddressFree> Ghana</AddressFree>
          </Address>
        </ConstEntity>
        <Role>CBC803</Role>
        <IncorpCountryCode>GH</IncorpCountryCode>
        <BizActivities>CBC513</BizActivities>
        <OtherEntityInfo>Other (leasing of motor vehicles)</OtherEntityInfo>
      </ConstEntities>
      <ConstEntities>
        <ConstEntity>
          <ResCountryCode>GH</ResCountryCode>
          <TIN
            issuedBy="GH">N/A</TIN>
          <IN
            issuedBy="GH"
            INType="Company Registration Number">CS076622016</IN>
          <Name>Almalgamated Fleet Services Ghana Limited</Name>
          <Address
            legalAddressType="OECD304">
            <CountryCode>GH</CountryCode>
            <AddressFree>21 Spintex Square</AddressFree>
            <AddressFree> Spintex Road</AddressFree>
            <AddressFree> Accra</AddressFree>
            <AddressFree> Ghana</AddressFree>
          </Address>
        </ConstEntity>
        <Role>CBC803</Role>
        <IncorpCountryCode>GH</IncorpCountryCode>
        <BizActivities>CBC512</BizActivities>
      </ConstEntities>
    </CbcReports>
    <CbcReports>
      <DocSpec>
        <DocTypeIndic xmlns="urn:oecd:ties:cbcstf:v5">OECD1</DocTypeIndic>
        <DocRefId xmlns="urn:oecd:ties:cbcstf:v5">ZA2018DOCBAW</DocRefId>
        <CorrMessageRefId xmlns="urn:oecd:ties:cbcstf:v5" />
        <CorrDocRefId xmlns="urn:oecd:ties:cbcstf:v5" />
      </DocSpec>
      <ResCountryCode>IM</ResCountryCode>
      <Summary>
        <Revenues>
          <Unrelated
            currCode="ZAR">-1001723.7</Unrelated>
          <Related
            currCode="ZAR">-41263986.8</Related>
          <Total
            currCode="ZAR">-42265710.5</Total>
        </Revenues>
        <ProfitOrLoss
          currCode="ZAR">-8541012.6</ProfitOrLoss>
        <TaxPaid
          currCode="ZAR">0</TaxPaid>
        <TaxAccrued
          currCode="ZAR">0</TaxAccrued>
        <Capital
          currCode="ZAR">-81350508.9</Capital>
        <Earnings
          currCode="ZAR">-25693334.2</Earnings>
        <NbEmployees>0</NbEmployees>
        <Assets
          currCode="ZAR">0</Assets>
      </Summary>
      <ConstEntities>
        <ConstEntity>
          <ResCountryCode>IM</ResCountryCode>
          <TIN
            issuedBy="IM">C050728-10</TIN>
          <IN
            issuedBy="IM"
            INType="Company Registration Number">50728C</IN>
          <Name>Barloworld Insurance Limited</Name>
          <Address
            legalAddressType="OECD304">
            <CountryCode>IM</CountryCode>
            <AddressFree>Tower House</AddressFree>
            <AddressFree> Loch Promenade</AddressFree>
            <AddressFree> Douglas</AddressFree>
            <AddressFree> Isle of Man IM1 2LZ</AddressFree>
          </Address>
        </ConstEntity>
        <Role>CBC803</Role>
        <IncorpCountryCode>IM</IncorpCountryCode>
        <BizActivities>CBC510</BizActivities>
      </ConstEntities>
    </CbcReports>
    <CbcReports>
      <DocSpec>
        <DocTypeIndic xmlns="urn:oecd:ties:cbcstf:v5">OECD1</DocTypeIndic>
        <DocRefId xmlns="urn:oecd:ties:cbcstf:v5">ZA2018DOCBAW</DocRefId>
        <CorrMessageRefId xmlns="urn:oecd:ties:cbcstf:v5" />
        <CorrDocRefId xmlns="urn:oecd:ties:cbcstf:v5" />
      </DocSpec>
      <ResCountryCode>JE</ResCountryCode>
      <Summary>
        <Revenues>
          <Unrelated
            currCode="ZAR">-2341.4453</Unrelated>
          <Related
            currCode="ZAR">-136088306.4636</Related>
          <Total
            currCode="ZAR">-136090647.9089</Total>
        </Revenues>
        <ProfitOrLoss
          currCode="ZAR">-2341.4453</ProfitOrLoss>
        <TaxPaid
          currCode="ZAR">0</TaxPaid>
        <TaxAccrued
          currCode="ZAR">0</TaxAccrued>
        <Capital
          currCode="ZAR">-39.2421</Capital>
        <Earnings
          currCode="ZAR">-3649.5153</Earnings>
        <NbEmployees>170</NbEmployees>
        <Assets
          currCode="ZAR">0</Assets>
      </Summary>
      <ConstEntities>
        <ConstEntity>
          <ResCountryCode>JE</ResCountryCode>
          <TIN
            issuedBy="JE">CB8843</TIN>
          <IN
            issuedBy="JE"
            INType="Company Registration Number">115941</IN>
          <Name>Barloworld Jersey Limited</Name>
          <Address
            legalAddressType="OECD304">
            <CountryCode>JE</CountryCode>
            <AddressFree>12 Castle Street</AddressFree>
            <AddressFree> St Helier</AddressFree>
            <AddressFree> Jersey</AddressFree>
            <AddressFree> JE2 3RT</AddressFree>
            <AddressFree> Channel Islands</AddressFree>
          </Address>
        </ConstEntity>
        <Role>CBC803</Role>
        <IncorpCountryCode>JE</IncorpCountryCode>
        <BizActivities>CBC506</BizActivities>
      </ConstEntities>
    </CbcReports>
    <AdditionalInfo>
      <DocSpec>
        <DocTypeIndic xmlns="urn:oecd:ties:cbcstf:v5">OECD1</DocTypeIndic>
        <DocRefId xmlns="urn:oecd:ties:cbcstf:v5">ZA2018DOCBAW</DocRefId>
        <CorrMessageRefId xmlns="urn:oecd:ties:cbcstf:v5" />
        <CorrDocRefId xmlns="urn:oecd:ties:cbcstf:v5" />
      </DocSpec>
      <OtherInfo
        language="EN">1. Annual financial statements were used as source.</OtherInfo>
      <OtherInfo
        language="EN">2. Amounts translated to stated functional currency of Barloworld Limited, ZAR, at relevant average exchange rates:</OtherInfo>
      <OtherInfo
        language="EN">USD/ZAR 13,0807 (SEPT 2018)</OtherInfo>
      <OtherInfo
        language="EN">GBP/ZAR 17,5741 (SEPT 2018)</OtherInfo>
      <OtherInfo
        language="EN">BWP/ZAR 1,3326 (SEPT 2018)</OtherInfo>
      <OtherInfo
        language="EN">AOA/ZAR 0,0916 (DEC 2017)</OtherInfo>
      <OtherInfo
        language="EN">MZN/ZAR 0,2336 (SEPT 2018)</OtherInfo>
      <OtherInfo
        language="EN">RUB/ZAR 0,215 (DEC 2017)</OtherInfo>
      <OtherInfo
        language="EN">ZMW/ZAR 1,1563 (SEPT 2018)</OtherInfo>
      <OtherInfo
        language="EN">ZMW/ZAR1,2498 (MARCH 2018)</OtherInfo>
      <OtherInfo
        language="EN">AED/ZAR 3,8521 (SEPT 2018)</OtherInfo>
      <OtherInfo
        language="EN">GHS/ZAR 2,9429 (SEPT 2018)</OtherInfo>
      <OtherInfo
        language="EN">TZS/ZAR 0,0061 (SEPT 2018)</OtherInfo>
      <OtherInfo
        language="EN">EUR/ZAR 15,5527 (SEPT 2018)</OtherInfo>
      <OtherInfo
        language="EN">3. Reporting fiscal year: 1 October 2017 - 30 Sept 2018.  For CEs having a different financial year to reporting fiscal year, financial information was obtained for the 12 months period ending before 30 Sept 2018.</OtherInfo>
      <OtherInfo
        language="EN">4. Haiden Investments (Pty) Ltd - instituted MAP - tax residency btw South Africa and Botswana.</OtherInfo>
      <OtherInfo
        language="EN">5. Zeda Swaziland (Pty) Ltd became South African tax resident effective 1 Oct 2016 due to its poem being located in South Africa based on revised interpretation of poem by SARS.  SA tax reference number (9360963186) no tax payable in South Africa as a result of foreign tax credits in respect of taxes paid in Swaziland.</OtherInfo>
      <OtherInfo
        language="EN">6. Barloworld Equipment Swaziland (Pty) Ltd and Hillman Bros (Swaziland) (Pty) Ltd became South Africa tax resident effective 1 Oct 2016 due to their POEM being located in South Africa based on the revised interpretation of POEM by SARS.  Obtained a SA tax reference number and paid tax in South Africa after foreign tax credits in respect of taxes paid in Swaziland were taken into account (Barloworld Equipment Swaziland (Pty) Ltd - 9275512227, income tax paid:R48 518.19 and Hillman Bros (Swaziland) (Pty) Ltd - 9926444168, income tax paid:R81.94) These entities were reflected as part of the Swaziland CbC only.  </OtherInfo>
      <OtherInfo
        language="EN">7. Tangible assets included Inventory, PPE and Rental Fleet.</OtherInfo>
      <OtherInfo
        language="EN">8. Accumulated earnings include negative figures for Ghana, Lesotho, Tanzania, Zambia, South Africa, the UK, Russia, Botswana, USA, Dubai and Mozambique.</OtherInfo>
      <OtherInfo
        language="EN">9. Spanish entities form part of a tax group. The tax group is in an overall assessed loss position but pays tax as a result of restrictions imposed on utilisation of assessed losses against taxable income.</OtherInfo>
      <OtherInfo
        language="EN">10. UK entities form part of UK tax group and only tax paid by reporting entity of UK tax group is reflected. Therefore in some instances a tax credit is reflected as part of income tax accrued.</OtherInfo>
      <OtherInfo
        language="EN">11. Zimbabwe branch of Volumax (Pty) Ltd is in the business of supply chain management and is not asset intensive.</OtherInfo>
      <OtherInfo
        language="EN">12. Uganda branch of Barloworld Logistics LLC is in the process of deregistration due to contract having been cancelled.</OtherInfo>
      <OtherInfo
        language="EN">13. Effective tax rate in the UK is affected by inter alia exempt dividends received, contributions made to the defined benefit pension fund, being in a deficit position.</OtherInfo>
      <OtherInfo
        language="EN">14. Related party revenue would in respect of certain CEs have included amounts received from associates/joint ventures that were not CEs as part of this cbc report since reliance were placed on financial statements as source of what constitute related/unrelated party revenue. </OtherInfo>
      <OtherInfo
        language="EN">15. Amounts excluded from accumulated earnings included non-distributable reserves, translation reserves, equity loans and revaluations reserves.</OtherInfo>
      <OtherInfo
        language="EN">16. Barloworld Insurance Limited is Barloworld Group's captive insurance company incorporated in Ilse of Man and has appointed an independent insurance manager to run the day-to-day operations of BIL, hence no employees.  BIL's income is imputed into South Africa, on which tax is paid at 28%, as BIL is a cfc of Barloworld Limited.</OtherInfo>
      <OtherInfo
        language="EN">17. Barloworld Investments Namibia (Pty) Ltd had a pbt which consits only of dividends received from subsidiaries (ZAR 35 000 000)</OtherInfo>
      <OtherInfo
        language="EN">18. The Spain and Portugal entities were sold to a 3rd party during 2018 and financial information up to May 2018 were included in this report.</OtherInfo>
      <OtherInfo
        language="EN">19. Barloworld Jersey Limited is employment company for expatriates into Africa within Group, hence only related party income received. Also a cfc of Barloworld Investments (Pty) Ltd.</OtherInfo>
      <OtherInfo
        language="EN">20.  Revenue calculated using income items in Income Statement;net amount reflected, actual income portion thereof was reflected if included as part of financials. Reliance was also place on items that was specfically reflected as part of the notes which had to be seperately reflected for accounting purposes, e.g. profit on disposal of PPE, reversal of a provision etc.  Income items typically included revenue, finance income, profit on disposals, other income, realised exchange gains all as part of the Income Statement on the annual financial statements.</OtherInfo>
      <OtherInfo
        language="EN">21. Revenue included accounting income items like an over provision for fees in the prior year, reversal of an impairment loss, fair value adjustments, loan write off and reversal of a write down of inventories.</OtherInfo>
      <OtherInfo
        language="EN">22. Barloworld UK Limited and Treasury division of Barloworld South Africa (Pty) Ltd provide treasury functions for the Barloworld Group.</OtherInfo>
      <OtherInfo
        language="EN">23. Barloworld Pension Trust Limited is registered as a pension scheme with the HMRC and is exempt from tax.</OtherInfo>
      <OtherInfo
        language="EN">24. Clidet 620 (Pty) Ltd reflected income for 15 months.</OtherInfo>
      <OtherInfo
        language="EN">25. Dividends received included as part of pbt. This results in either an increase/decrease compared to the 2017 CbC information.</OtherInfo>
      <OtherInfo
        language="EN">26. Share capital in Ghana includes GHS 2 460 264 of Amalgamated Fleet Services Ghana Limited, a dormant entity.</OtherInfo>
      <OtherInfo
        language="EN">27. The operating entity in Ghana changed from reporting in USD to reporting in GHS </OtherInfo>
      <OtherInfo
        language="EN">28. The loss before tax reflected for Botswana can be ascribed to the significant trading loss recorded by Barloworld Equipment Botswana (Pty) Ltd in 2018 caused by adverse trading conditions.</OtherInfo>
    </AdditionalInfo>
  </CbcBody>
</CBC_OECD>